<NotepadPlus>
	<UserLang name="Markdown [Deep Black]" ext="md markdown" udlVersion="2.1">
		<Settings>
			<Global caseIgnored="no" allowFoldOfComments="no" foldCompact="no" forcePureLC="2" decimalSeparator="0" />
			<Prefix Keywords1="yes" Keywords2="yes" Keywords3="yes" Keywords4="yes" Keywords5="yes" Keywords6="no" Keywords7="no" Keywords8="no" />
		</Settings>
		<KeywordLists>
			<Keywords name="Comments">00# 01 02((EOL)) 03&lt;!-- 04--&gt;</Keywords>
			<Keywords name="Numbers, prefix1"></Keywords>
			<Keywords name="Numbers, prefix2"></Keywords>
			<Keywords name="Numbers, extras1"></Keywords>
			<Keywords name="Numbers, extras2"></Keywords>
			<Keywords name="Numbers, suffix1">.</Keywords>
			<Keywords name="Numbers, suffix2"></Keywords>
			<Keywords name="Numbers, range"></Keywords>
			<Keywords name="Operators1">@ &lt; &gt; \\ \` \* \_ \{ \} \[ \] \( \) \# \+ \- \. \!</Keywords>
			<Keywords name="Operators2">* - +</Keywords>
			<Keywords name="Folders in code1, open"></Keywords>
			<Keywords name="Folders in code1, middle"></Keywords>
			<Keywords name="Folders in code1, close"></Keywords>
			<Keywords name="Folders in code2, open"></Keywords>
			<Keywords name="Folders in code2, middle"></Keywords>
			<Keywords name="Folders in code2, close"></Keywords>
			<Keywords name="Folders in comment, open"></Keywords>
			<Keywords name="Folders in comment, middle"></Keywords>
			<Keywords name="Folders in comment, close"></Keywords>
			<Keywords name="Keywords1">http:// (http:// https:// (https:// mailto: (mailto: ftp:// (ftp:// ftps:// (ftps:// (/ /</Keywords>
			<Keywords name="Keywords2">==== ----</Keywords>
			<Keywords name="Keywords3">*** ___</Keywords>
			<Keywords name="Keywords4">** __</Keywords>
			<Keywords name="Keywords5">* _</Keywords>
			<Keywords name="Keywords6"></Keywords>
			<Keywords name="Keywords7"></Keywords>
			<Keywords name="Keywords8"></Keywords>
			<Keywords name="Delimiters">00![ 00[ 01\ 02] 02] 03` 04\ 05` 06*** 07\ 08*** 09** 10\ 11** 12 13 14 15 16 17 18 19 20 21 22 23</Keywords>
		</KeywordLists>
		<Styles>
			<WordsStyle name="DEFAULT" fgColor="FFFFFF" bgColor="000000" fontName="" fontStyle="0" nesting="0" />
			<WordsStyle name="COMMENTS" fgColor="00FF00" bgColor="000000" fontName="" fontStyle="2" nesting="0" />
			<WordsStyle name="LINE COMMENTS" fgColor="FF6600" bgColor="000000" fontName="" fontStyle="1" nesting="0" />
			<WordsStyle name="NUMBERS" fgColor="99CC99" bgColor="000000" fontName="" fontStyle="0" nesting="0" />
			<WordsStyle name="KEYWORDS1" fgColor="999966" bgColor="000000" fontName="" fontStyle="0" nesting="0" />
			<WordsStyle name="KEYWORDS2" fgColor="FF6600" bgColor="000000" fontName="" fontStyle="1" nesting="0" />
			<WordsStyle name="KEYWORDS3" fgColor="FFFF00" bgColor="000000" fontName="" fontStyle="3" nesting="0" />
			<WordsStyle name="KEYWORDS4" fgColor="FFFF00" bgColor="000000" fontName="" fontStyle="1" nesting="0" />
			<WordsStyle name="KEYWORDS5" fgColor="FFFF00" bgColor="000000" fontName="" fontStyle="2" nesting="0" />
			<WordsStyle name="KEYWORDS6" fgColor="FFFFFF" bgColor="000000" fontName="" fontStyle="0" nesting="0" />
			<WordsStyle name="KEYWORDS7" fgColor="FFFFFF" bgColor="000000" fontName="" fontStyle="0" nesting="0" />
			<WordsStyle name="KEYWORDS8" fgColor="FFFFFF" bgColor="000000" fontName="" fontStyle="0" nesting="0" />
			<WordsStyle name="OPERATORS" fgColor="339999" bgColor="000000" fontName="" fontStyle="1" nesting="0" />
			<WordsStyle name="FOLDER IN CODE1" fgColor="FFFFFF" bgColor="000000" fontName="" fontStyle="0" nesting="0" />
			<WordsStyle name="FOLDER IN CODE2" fgColor="FFFFFF" bgColor="000000" fontName="" fontStyle="0" nesting="0" />
			<WordsStyle name="FOLDER IN COMMENT" fgColor="FFFFFF" bgColor="000000" fontName="" fontStyle="0" nesting="0" />
			<WordsStyle name="DELIMITERS1" fgColor="999966" bgColor="000000" fontName="" fontStyle="2" nesting="0" />
			<WordsStyle name="DELIMITERS2" fgColor="66FF00" bgColor="000000" fontName="" fontStyle="0" nesting="0" />
			<WordsStyle name="DELIMITERS3" fgColor="FFFF00" bgColor="000000" fontName="" fontStyle="3" nesting="0" />
			<WordsStyle name="DELIMITERS4" fgColor="FFFF00" bgColor="000000" fontName="" fontStyle="1" nesting="0" />
			<WordsStyle name="DELIMITERS5" fgColor="FFFFFF" bgColor="000000" fontName="" fontStyle="0" nesting="0" />
			<WordsStyle name="DELIMITERS6" fgColor="FFFFFF" bgColor="000000" fontName="" fontStyle="0" nesting="0" />
			<WordsStyle name="DELIMITERS7" fgColor="FFFFFF" bgColor="000000" fontName="" fontStyle="0" nesting="0" />
			<WordsStyle name="DELIMITERS8" fgColor="FFFFFF" bgColor="000000" fontName="" fontStyle="0" nesting="0" />
		</Styles>
	</UserLang>
</NotepadPlus>
